record_id,submitted_at,prefix,first_name,last_name
R000001,2026-03-02T00:00:03Z,,إسماعيل,البلوي
R000002,2026-03-02T00:00:38Z,الأستاذة الدكتورة,أمنية,الفران
R000003,2026-03-02T00:01:42Z,,كمال,الحربي
R000004,2026-03-02T00:02:01Z,Mrs.,Bushra,Saab
R000005,2026-03-02T00:02:26Z,الدكتور,بسام,خوري
R000006,2026-03-02T00:04:24Z,,Noble,Hill
R000007,2026-03-02T00:08:08Z,,Lily,Cook
R000008,2026-03-02T00:09:36Z,,Hamza,Al-Balawi
R000009,2026-03-02T00:11:18Z,,Rosalind,Jefferson
R000010,2026-03-02T00:11:37Z,,Andrew,Hoffmann
R000011,2026-03-02T00:12:14Z,,Samira,Al-Maliki
R000012,2026-03-02T00:13:27Z,Mrs.,Genevieve,Janssen
R000013,2026-03-02T00:14:39Z,,Nadia,Al-Ghamdi
R000014,2026-03-02T00:15:02Z,,عمر,الهاشمي
R000015,2026-03-02T00:18:57Z,Prof.,William,Richardson
R000016,2026-03-02T00:19:44Z,Mr.,Saeed,Al-Marzooqi
R000017,2026-03-02T00:19:53Z,,Rosalind,Escobar
R000018,2026-03-02T00:20:01Z,Prof.,Benjamin,Sutherland
R000019,2026-03-02T00:20:28Z,,Eleanor,Whitfield
R000020,2026-03-02T00:21:58Z,,Victoria,Richardson
R000021,2026-03-02T00:23:45Z,,ياسمين,بن حمد
R000022,2026-03-02T00:24:02Z,Mrs.,Noura,Saab
R000023,2026-03-02T00:24:12Z,,ملاك,الصباغ
R000024,2026-03-02T00:25:28Z,,Aisha,Al-Subaie
R000025,2026-03-02T00:25:33Z,Prof.,William,Richardson
R000026,2026-03-02T00:25:39Z,,Sebastian,Kirkpatrick
R000027,2026-03-02T00:32:07Z,,Marcus,Hawthorne
R000028,2026-03-02T00:35:32Z,,ملاك,النجم
R000029,2026-03-02T00:38:19Z,,Hisham,Al-Ghamdi
R000030,2026-03-02T00:39:58Z,Mr.,Dominic,Beaumont
R000031,2026-03-02T00:41:17Z,,Elizabeth,Fairbanks
R000032,2026-03-02T00:42:11Z,الشيخة,لينا,أبو خليل
R000033,2026-03-02T00:49:09Z,,Rashid,Saab
R000034,2026-03-02T00:49:37Z,,Abeer,Al-Masri
R000035,2026-03-02T00:51:23Z,,Mahmoud,Al-Mazrouei
R000036,2026-03-02T00:52:06Z,,Iris,Butler
R000037,2026-03-02T00:52:53Z,Sheikh,Ibrahim,Al-Khatib
R000038,2026-03-02T00:54:24Z,,Salem,Al-Ketbi
R000039,2026-03-02T00:54:32Z,Mrs.,Brook,Lake
R000040,2026-03-02T00:56:41Z,Eng.,RASHID,AL-HALABI
R000041,2026-03-02T00:56:51Z,Prof.,Penelope,Whitfield
R000042,2026-03-02T00:57:07Z,,Adel,Al-Dosari
R000043,2026-03-02T00:58:38Z,,Abeer,Al-Masri
R000044,2026-03-02T01:00:04Z,Dr.,Heath,Price
R000045,2026-03-02T01:03:33Z,Mrs.,Eleanor,Stanton
R000046,2026-03-02T01:03:43Z,Eng.,Mohammed,Al-Balawi
R000047,2026-03-02T01:04:43Z,,وردة,الشريف
R000048,2026-03-02T01:06:52Z,,عماد,النعيمي
R000049,2026-03-02T01:07:05Z,Dr.,Nathaniel,Yarborough
R000050,2026-03-02T01:08:30Z,Prof.,Abdulrahman,Al-Hashimi
R000051,2026-03-02T01:09:07Z,,Rashid,Khoury
R000052,2026-03-02T01:09:33Z,Sheikha,Dina,Sleiman
R000053,2026-03-02T01:09:48Z,,Tariq,Al-Rashid
R000054,2026-03-02T01:10:12Z,Eng.,Rose,Price
R000055,2026-03-02T01:10:44Z,,Daniel,Thompson
R000056,2026-03-02T01:14:04Z,,Matthew,Montgomery
R000057,2026-03-02T01:16:37Z,,سارة,منصور
R000058,2026-03-02T01:16:59Z,,إيمان,المصري
R000059,2026-03-02T01:18:56Z,,Sami,Al-Shehri
R000060,2026-03-02T01:20:10Z,,Patrick,Richardson
R000061,2026-03-02T01:20:28Z,,Dominic,Richardson
R000062,2026-03-02T01:20:49Z,Dr.,Peter,Klein
R000063,2026-03-02T01:21:28Z,,Chase,Brown
R000064,2026-03-02T01:23:03Z,,وعد,التاجر
R000065,2026-03-02T01:23:18Z,Eng.,Bassam,Al-Habsi
R000066,2026-03-02T01:24:45Z,,Mostafa,Mansour
R000067,2026-03-02T01:25:27Z,,Nicholas,van der Berg
R000068,2026-03-02T01:26:04Z,Mrs.,Olivia,Fairbanks
R000069,2026-03-02T01:26:14Z,,صفاء,الغني
R000070,2026-03-02T01:27:11Z,,Jasmine,Banks
R000071,2026-03-02T01:27:41Z,,Frederick,Escobar
R000072,2026-03-02T01:30:02Z,,Noura,Al-Harbi
R000073,2026-03-02T01:30:15Z,,Oliver,Wellington
R000074,2026-03-02T01:30:22Z,,Rain,Mason
R000075,2026-03-02T01:32:09Z,,Hisham,Saab
R000076,2026-03-02T01:35:04Z,,Rebecca,Hoffmann
R000077,2026-03-02T01:35:17Z,,Faisal,bin Zayed
R000078,2026-03-02T01:35:25Z,Mrs.,Sophia,Beaumont
R000079,2026-03-02T01:35:59Z,,Henry,Sutherland
R000080,2026-03-02T01:36:16Z,الشيخة,ليلى,صعب
R000081,2026-03-02T01:36:29Z,,حمزة,الكتبي
R000082,2026-03-02T01:38:54Z,Mrs.,Olivia,Fairbanks
R000083,2026-03-02T01:41:30Z,Prof.,Ibrahim,Al-Sayed
R000084,2026-03-02T01:41:50Z,,حياة,الكبير
R000085,2026-03-02T01:45:22Z,,FARAH,SLEIMAN
R000086,2026-03-02T01:47:09Z,الشيخة,نادية,فاخوري
R000087,2026-03-02T01:48:58Z,,Saeed,Al-Otaibi
R000088,2026-03-02T01:50:04Z,Dr.,Hassan,Al-Ketbi
R000089,2026-03-02T01:50:57Z,,Frederick,Ellsworth
R000090,2026-03-02T01:52:26Z,Dr.,Nathaniel,Yarborough
R000091,2026-03-02T01:52:28Z,,سلام,العالم
R000092,2026-03-02T01:54:14Z,,Amal,Al-Sabah
R000093,2026-03-02T01:56:27Z,,أحمد,حداد
R000094,2026-03-02T01:56:52Z,,Peter,Prescott
R000095,2026-03-02T01:58:59Z,,Hanan,Al-Qahtani
R000096,2026-03-02T01:59:01Z,,Chase,Brown
R000097,2026-03-02T01:59:12Z,,Eleanor,Hawthorne
R000098,2026-03-02T02:04:08Z,Dr.,Penelope,Gallagher
R000099,2026-03-02T02:12:58Z,,Abeer,Al-Masri
R000100,2026-03-02T02:14:04Z,الدكتورة,بشرى,الحلبي
R000101,2026-03-02T02:14:52Z,,Bushra,Al-Najjar
R000102,2026-03-02T02:14:53Z,الدكتور,وائل,منصور
R000103,2026-03-02T02:15:23Z,,Andrew,Ferreira
R000104,2026-03-02T02:15:50Z,,Patrick,Lockwood
R000105,2026-03-02T02:16:12Z,Eng.,Nicholas,Kensington
R000106,2026-03-02T02:16:24Z,,RIVER,CHURCH
R000107,2026-03-02T02:17:33Z,Prof.,Jasmine,Taylor
R000108,2026-03-02T02:18:31Z,,كرم,الجميل
R000109,2026-03-02T02:18:39Z,,أنس,المصري
R000110,2026-03-02T02:18:43Z,,عماد,المرزوقي
R000111,2026-03-02T02:21:00Z,,Sahar,Al-Dosari
R000112,2026-03-02T02:22:38Z,,Eleanor,Ferreira
R000113,2026-03-02T02:24:05Z,Dr.,Eleanor,Northcott
R000114,2026-03-02T02:24:17Z,,حنان,النجار
R000115,2026-03-02T02:24:20Z,,Frederick,Pemberton
R000116,2026-03-02T02:25:46Z,Dr.,Emad,Darwish
R000117,2026-03-02T02:27:41Z,,Marwan,Sleiman
R000118,2026-03-02T02:27:46Z,Eng.,Nicholas,Kensington
R000119,2026-03-02T02:27:55Z,,Sultan,Al-Najjar
R000120,2026-03-02T02:28:11Z,,Saeed,Al-Nuaimi
R000121,2026-03-02T02:29:15Z,,Rashid,bin Saeed
R000122,2026-03-02T02:30:21Z,,Hamza,Al-Subaie
R000123,2026-03-02T02:32:25Z,,Abdullah,Abu Zaid
R000124,2026-03-02T02:33:04Z,,Jasmine,Mason
R000125,2026-03-02T02:34:32Z,,Earl,Field
R000126,2026-03-02T02:35:07Z,,Dale,Banks
R000127,2026-03-02T02:38:02Z,الدكتورة,سلمى,القحطاني
R000128,2026-03-02T02:39:22Z,Eng.,Huda,Mansour
R000129,2026-03-02T02:39:50Z,,Abeer,Al-Masri
R000130,2026-03-02T02:40:13Z,,Sharif,Al-Hashimi
R000131,2026-03-02T02:41:40Z,Dr.,Hanan,Khoury
R000132,2026-03-02T02:41:43Z,,Yasser,Al-Halabi
R000133,2026-03-02T02:42:20Z,,Frederick,Montgomery
R000134,2026-03-02T02:42:44Z,الدكتورة,حنان,السبيعي
R000135,2026-03-02T02:43:58Z,,Bushra,Al-Saadi
R000136,2026-03-02T02:44:34Z,,Amelia,Richardson
R000137,2026-03-02T02:45:53Z,,Nathaniel,Anderson
R000138,2026-03-02T02:49:46Z,الدكتور,وليد,السبيعي
R000139,2026-03-02T02:50:45Z,Prof.,Yasser,Al-Khatib
R000140,2026-03-02T02:52:03Z,,Zaid,Darwish
R000141,2026-03-02T02:52:47Z,,Ziad,Al-Riyami
R000142,2026-03-02T02:54:14Z,Sheikh,Ahmed,Al-Sayed
R000143,2026-03-02T02:54:20Z,Dr.,Daniel,Prescott
R000144,2026-03-02T02:55:42Z,,Oliver,Wellington
R000145,2026-03-02T02:55:50Z,,Beatrice,Lockwood
R000146,2026-03-02T02:56:58Z,,Abeer,Al-Mazrouei
R000147,2026-03-02T02:57:59Z,,Omar,Al-Halabi
R000148,2026-03-02T02:58:25Z,Sheikha,Dina,Sleiman
R000149,2026-03-02T02:59:42Z,,Charlotte,Ingram
R000150,2026-03-02T02:59:50Z,,James,Fairbanks
R000151,2026-03-02T03:02:23Z,Mrs.,Eleanor,Stanton
R000152,2026-03-02T03:04:31Z,,جواد,القصير
R000153,2026-03-02T03:05:04Z,,Penelope,Quinlan
R000154,2026-03-02T03:05:25Z,,Andrew,Ferreira
R000155,2026-03-02T03:06:32Z,,ليلى,المرزوقي
R000156,2026-03-02T03:06:34Z,,كرم,الجميل
R000157,2026-03-02T03:06:41Z,Prof.,Farah,Saab
R000158,2026-03-02T03:10:10Z,Prof.,Sage,Brooks
R000159,2026-03-02T03:10:18Z,,عز,الطبيب
R000160,2026-03-02T03:12:09Z,,Hamza,Al-Hashimi
R000161,2026-03-02T03:13:54Z,,Ismail,Abu Khalil
R000162,2026-03-02T03:15:52Z,,ABEER,AL-MASRI
R000163,2026-03-02T03:18:19Z,Mrs.,Bushra,Al-Kindi
R000164,2026-03-02T03:18:47Z,,Fox,Shepherd
R000165,2026-03-02T03:20:36Z,,Frederick,Escobar
R000166,2026-03-02T03:20:53Z,,Stephanie,Ziegler
R000167,2026-03-02T03:21:56Z,,Patrick,Gallagher
R000168,2026-03-02T03:23:22Z,,جميل,التاجر
R000169,2026-03-02T03:24:10Z,,Waleed,bin Zayed
R000170,2026-03-02T03:26:44Z,,داليا,النعيمي
R000171,2026-03-02T03:28:30Z,,Fadi,Al-Hashimi
R000172,2026-03-02T03:28:34Z,,Khadija,Al-Riyami
R000173,2026-03-02T03:28:38Z,,Fadi,Al-Zahrani
R000174,2026-03-02T03:29:59Z,,Omar,Al-Ali
R000175,2026-03-02T03:30:11Z,المهندس,جابر,السعدي
R000176,2026-03-02T03:30:22Z,Mr.,Reed,Crane
R000177,2026-03-02T03:32:01Z,Dr.,Hanan,Khoury
R000178,2026-03-02T03:32:11Z,,Edward,Jefferson
R000179,2026-03-02T03:34:32Z,,Margaret,Hoffmann
R000180,2026-03-02T03:36:58Z,Sheikh,Khalid,Al-Mutairi
R000181,2026-03-02T03:38:51Z,الشيخ,عز,الجزار
R000182,2026-03-02T03:40:33Z,Eng.,Reem,Al-Hashimi
R000183,2026-03-02T03:41:49Z,,Ahmed,Al-Najjar
R000184,2026-03-02T03:44:03Z,,Michael,Callahan
R000185,2026-03-02T03:44:41Z,,Genevieve,Ziegler
R000186,2026-03-02T03:45:04Z,,Nasser,Al-Saadi
R000187,2026-03-02T03:45:05Z,Dr.,Noura,Al-Maliki
R000188,2026-03-02T03:45:20Z,Prof.,Josephine,Harrington
R000189,2026-03-02T03:46:46Z,,Heath,Archer
R000190,2026-03-02T03:46:58Z,,Yasmin,Al-Masri
R000191,2026-03-02T03:48:21Z,,عائشة,الجهني
R000192,2026-03-02T03:48:46Z,Dr.,Jennifer,Whitfield
R000193,2026-03-02T03:50:41Z,,سارة,فاخوري
R000194,2026-03-02T03:51:30Z,الشيخة,ريم,السبيعي
R000195,2026-03-02T03:53:23Z,Mrs.,Brook,Lake
R000196,2026-03-02T03:54:08Z,Prof.,Ivy,Sharp
R000197,2026-03-02T03:54:22Z,,Maryam,Al-Farsi
R000198,2026-03-02T03:55:37Z,,Abeer,Al-Mazrouei
R000199,2026-03-02T03:55:40Z,,Fadi,Al-Zahrani
R000200,2026-03-02T03:57:08Z,,Nadia,Al-Ghamdi
R000201,2026-03-02T03:59:36Z,Dr.,Jennifer,Whitfield
R000202,2026-03-02T03:59:50Z,,Fadi,Al-Habsi
R000203,2026-03-02T03:59:59Z,,مريم,نصر الله
R000204,2026-03-02T04:00:30Z,,Layla,Al-Anazi
R000205,2026-03-02T04:01:42Z,,Abeer,Al-Masri
R000206,2026-03-02T04:02:39Z,,Salem,Al-Ketbi
R000207,2026-03-02T04:03:26Z,,Rashid,bin Saeed
R000208,2026-03-02T04:04:07Z,Mrs.,Eleanor,Stanton
R000209,2026-03-02T04:06:33Z,,إبراهيم,المصري
R000210,2026-03-02T04:06:42Z,Eng.,Pearl,Cook
R000211,2026-03-02T04:07:30Z,,Amelia,Donovan
R000212,2026-03-02T04:07:54Z,,بركة,الشجاع
R000213,2026-03-02T04:10:38Z,Dr.,Emad,Al-Qahtani
R000214,2026-03-02T04:10:52Z,Prof.,Sophia,Prescott
R000215,2026-03-02T04:10:57Z,,Sky,Swift
R000216,2026-03-02T04:11:25Z,Eng.,Genevieve,Lindqvist
R000217,2026-03-02T04:11:54Z,Eng.,Mohammed,Al-Balawi
R000218,2026-03-02T04:13:03Z,,Ziad,Al-Riyami
R000219,2026-03-02T04:13:13Z,,عائشة,الجهني
R000220,2026-03-02T04:13:32Z,,Pearl,Short
R000221,2026-03-02T04:15:43Z,,Khalid,Al-Ghamdi
R000222,2026-03-02T04:17:31Z,,Julian,Osborne
R000223,2026-03-02T04:17:35Z,المهندسة,نادية,المرزوقي
R000224,2026-03-02T04:18:16Z,Dr.,Eleanor,Northcott
R000225,2026-03-02T04:18:18Z,,عمر,الهاشمي
R000226,2026-03-02T04:19:43Z,,Katherine,Vandermeer
R000227,2026-03-02T04:20:37Z,,Sara,Al-Halabi
R000228,2026-03-02T04:20:39Z,,Amber,Shepherd
R000229,2026-03-02T04:21:30Z,المهندسة,أمل,الحربي
R000230,2026-03-02T04:21:49Z,,Ismail,Abu Khalil
R000231,2026-03-02T04:22:42Z,السيد,محمود,المصري
R000232,2026-03-02T04:28:08Z,,Qasim,Al-Ghamdi
R000233,2026-03-02T04:29:35Z,Eng.,Sami,Al-Shammari
R000234,2026-03-02T04:29:38Z,,Star,Bird
R000235,2026-03-02T04:31:42Z,,Autumn,Swan
R000236,2026-03-02T04:32:00Z,الدكتور,وليد,السبيعي
R000237,2026-03-02T04:32:38Z,,ياسمين,أبو بكر
R000238,2026-03-02T04:35:33Z,,Anas,Al-Ghamdi
R000239,2026-03-02T04:39:50Z,,Ahmed,Al-Hosani
R000240,2026-03-02T04:43:24Z,,كمال,الحربي
R000241,2026-03-02T04:44:08Z,,إسماعيل,البلوي
R000242,2026-03-02T04:47:46Z,,Fadi,Nasrallah
R000243,2026-03-02T04:47:55Z,السيد,مروان,أبو بكر
R000244,2026-03-02T04:48:43Z,,Sami,Al-Shehri
R000245,2026-03-02T04:48:50Z,Dr.,Eleanor,Northcott
R000246,2026-03-02T04:48:51Z,,سارة,منصور
R000247,2026-03-02T04:53:03Z,,حنان,النجار
R000248,2026-03-02T04:53:47Z,,Fadi,Al-Zahrani
R000249,2026-03-02T04:53:50Z,,إيمان,بن زايد
R000250,2026-03-02T04:54:36Z,,Hassan,Al-Anazi
R000251,2026-03-02T04:55:21Z,Eng.,Nicholas,Ingram
R000252,2026-03-02T04:57:26Z,,Ammar,Al-Maliki
R000253,2026-03-02T04:57:37Z,,نصر,الجميل
R000254,2026-03-02T04:57:42Z,,Amelia,Donovan
R000255,2026-03-02T04:57:55Z,الشيخ,فيصل,الزهراني
R000256,2026-03-02T04:58:01Z,,قاسم,المصري
R000257,2026-03-02T05:02:15Z,Dr.,Eleanor,Northcott
R000258,2026-03-02T05:02:23Z,Dr.,Khalid,Al-Ghamdi
R000259,2026-03-02T05:02:34Z,,King,Brooks
R000260,2026-03-02T05:09:08Z,,وفاء,الكتبي
R000261,2026-03-02T05:10:56Z,Dr.,Jaber,Al-Nuaimi
R000262,2026-03-02T05:11:58Z,Prof.,Margaret,Whitfield
R000263,2026-03-02T05:12:32Z,,Elizabeth,Hawthorne
R000264,2026-03-02T05:12:39Z,,Margaret,Lindqvist
R000265,2026-03-02T05:14:21Z,,George,MacGregor
R000266,2026-03-02T05:16:41Z,,Jaber,Khoury
R000267,2026-03-02T05:16:48Z,,Sara,Al-Ghamdi
R000268,2026-03-02T05:18:04Z,,Frederick,Lindqvist
R000269,2026-03-02T05:19:05Z,Prof.,Earl,Carpenter
R000270,2026-03-02T05:20:10Z,,Majid,Al-Habsi
R000271,2026-03-02T05:20:49Z,Mrs.,Eleanor,Stanton
R000272,2026-03-02T05:21:07Z,Prof.,Marcus,Northcott
R000273,2026-03-02T05:21:18Z,الشيخ,حمزة,الزهراني
R000274,2026-03-02T05:22:21Z,,Mona,Al-Otaibi
R000275,2026-03-02T05:24:00Z,,أيمن,السعدي
R000276,2026-03-02T05:24:20Z,,أنس,المصري
R000277,2026-03-02T05:24:22Z,,عمر,الهاشمي
R000278,2026-03-02T05:24:32Z,,Wael,Al-Kindi
R000279,2026-03-02T05:25:42Z,Dr.,Khalid,Al-Ghamdi
R000280,2026-03-02T05:27:15Z,,Cecilia,Klein
R000281,2026-03-02T05:30:05Z,,Hussein,Al-Sabah
R000282,2026-03-02T05:30:36Z,,خديجة,الحوسني
R000283,2026-03-02T05:32:33Z,Prof.,Yasser,Al-Khatib
R000284,2026-03-02T05:33:34Z,,Yasmin,Al-Maliki
R000285,2026-03-02T05:33:46Z,,Iman,Darwish
R000286,2026-03-02T05:37:36Z,Mrs.,Olivia,Fairbanks
R000287,2026-03-02T05:37:53Z,,Hussein,Al-Marzooqi
R000288,2026-03-02T05:39:53Z,الأستاذة الدكتورة,أمنية,الفران
R000289,2026-03-02T05:40:04Z,,Maryam,Al-Hashimi
R000290,2026-03-02T05:40:19Z,الأستاذة الدكتورة,ليلى,القحطاني
R000291,2026-03-02T05:42:44Z,Mr.,Dominic,Beaumont
R000292,2026-03-02T05:45:18Z,,Sophia,Harrington
R000293,2026-03-02T05:45:35Z,,Melody,Hill
R000294,2026-03-02T05:47:23Z,,Hisham,Al-Ghamdi
R000295,2026-03-02T05:49:28Z,,Dina,Al-Hosani
R000296,2026-03-02T05:49:41Z,,أيمن,السعدي
R000297,2026-03-02T05:52:09Z,,نبيل,المزروعي
R000298,2026-03-02T05:52:47Z,,Marcus,Ashworth
R000299,2026-03-02T05:54:05Z,Prof.,Hope,Cross
R000300,2026-03-02T05:54:39Z,السيد,محمود,المصري
R000301,2026-03-02T05:55:06Z,,زينب,أبو زيد
R000302,2026-03-02T05:59:02Z,الأستاذ الدكتور,سعيد,الهاشمي
R000303,2026-03-02T05:59:39Z,Mrs.,Genevieve,Janssen
R000304,2026-03-02T06:02:31Z,,Salma,Al-Maliki
R000305,2026-03-02T06:03:06Z,Eng.,Christopher,Prescott
R000306,2026-03-02T06:03:18Z,,غيث,الأشقر
R000307,2026-03-02T06:04:30Z,,Ghassan,Darwish
R000308,2026-03-02T06:05:12Z,,Autumn,Swan
R000309,2026-03-02T06:05:16Z,,Talal,Al-Anazi
R000310,2026-03-02T06:06:02Z,Mrs.,Cecilia,Underwood
R000311,2026-03-02T06:08:12Z,,Talal,Al-Masri
R000312,2026-03-02T06:12:04Z,السيد,عبد الرحمن,الريامي
R000313,2026-03-02T06:12:05Z,,Abeer,Al-Masri
R000314,2026-03-02T06:14:41Z,,Michael,Thompson
R000315,2026-03-02T06:15:26Z,,عهد,الفقير
R000316,2026-03-02T06:15:45Z,Prof.,Kamal,bin Hamad
R000317,2026-03-02T06:15:53Z,,Ghada,Al-Ketbi
R000318,2026-03-02T06:16:07Z,,Andrew,Ferreira
R000319,2026-03-02T06:17:00Z,,خديجة,الفارسي
R000320,2026-03-02T06:17:32Z,Dr.,Majid,Haddad
R000321,2026-03-02T06:17:59Z,,Anas,Al-Masri
R000322,2026-03-02T06:18:37Z,,أحمد,فاخوري
R000323,2026-03-02T06:21:08Z,Mrs.,Eleanor,Stanton
R000324,2026-03-02T06:22:02Z,,سارة,بن حمد
R000325,2026-03-02T06:22:32Z,,جميل,التاجر
R000326,2026-03-02T06:22:49Z,,Faisal,Haddad
R000327,2026-03-02T06:23:31Z,,Nabil,Al-Hosani
R000328,2026-03-02T06:24:28Z,,Adel,Haddad
R000329,2026-03-02T06:24:36Z,Dr.,Iman,Al-Hosani
R000330,2026-03-02T06:27:24Z,السيد,مروان,أبو بكر
R000331,2026-03-02T06:28:16Z,الدكتور,عنبر,الجبل
R000332,2026-03-02T06:28:29Z,,Rashid,Al-Qahtani
R000333,2026-03-02T06:28:34Z,,Rashid,Mansour
R000334,2026-03-02T06:28:41Z,Sheikh,Khalid,Al-Najjar
R000335,2026-03-02T06:28:45Z,,Dominic,Lockwood
R000336,2026-03-02T06:30:19Z,Eng.,Margaret,Iverson
R000337,2026-03-02T06:31:04Z,,Abeer,Al-Masri
R000338,2026-03-02T06:32:16Z,,سحر,المالكي
R000339,2026-03-02T06:33:29Z,,Youssef,bin Saeed
R000340,2026-03-02T06:34:06Z,,Heath,Archer
R000341,2026-03-02T06:36:32Z,Prof.,Dominic,Montgomery
R000342,2026-03-02T06:36:34Z,,Hisham,Al-Ghamdi
R000343,2026-03-02T06:37:19Z,,Anas,Al-Ali
R000344,2026-03-02T06:39:22Z,,عائشة,الحبسي
R000345,2026-03-02T06:39:25Z,السيدة,نور,الجميل
R000346,2026-03-02T06:41:24Z,Dr.,Alexander,Anderson
R000347,2026-03-02T06:42:18Z,Dr.,Farah,Al-Suwaidi
R000348,2026-03-02T06:46:05Z,Mrs.,Eleanor,Stanton
R000349,2026-03-02T06:46:53Z,الدكتورة,سلمى,القحطاني
R000350,2026-03-02T06:47:58Z,,صقر,الفقير
R000351,2026-03-02T06:47:59Z,,Mahmoud,Al-Mazrouei
R000352,2026-03-02T06:48:07Z,Prof.,Penelope,Whitfield
R000353,2026-03-02T06:51:21Z,,Ali,Al-Amri
R000354,2026-03-02T06:53:46Z,,Adel,Haddad
R000355,2026-03-02T06:55:30Z,,بركة,الشجاع
R000356,2026-03-02T06:56:23Z,,Salma,Al-Suwaidi
R000357,2026-03-02T06:59:13Z,,Frederick,Ellsworth
R000358,2026-03-02T06:59:28Z,,Michael,Kirkpatrick
R000359,2026-03-02T07:00:28Z,,غيث,الأشقر
R000360,2026-03-02T07:00:37Z,,Drake,Farmer
R000361,2026-03-02T07:07:44Z,Dr.,Dalia,Mansour
R000362,2026-03-02T07:11:01Z,Sheikh,Youssef,Al-Hashimi
R000363,2026-03-02T07:14:27Z,,صفاء,الغني
R000364,2026-03-02T07:17:42Z,Eng.,Ibrahim,Al-Khatib
R000365,2026-03-02T07:18:53Z,,رشا,العلي
R000366,2026-03-02T07:20:16Z,,عادل,السعدي
R000367,2026-03-02T07:20:53Z,,Maryam,Al-Farsi
R000368,2026-03-02T07:22:56Z,,مروان,العتيبي
R000369,2026-03-02T07:25:16Z,,Daniel,Thompson
R000370,2026-03-02T07:26:04Z,,Rashid,Saab
R000371,2026-03-02T07:28:40Z,Dr.,Ayman,Al-Saadi
R000372,2026-03-02T07:29:00Z,Dr.,Emad,Al-Qahtani
R000373,2026-03-02T07:30:48Z,,Zaid,Darwish
R000374,2026-03-02T07:34:11Z,Prof.,Hamza,Al-Mazrouei
R000375,2026-03-02T07:36:22Z,,Michael,Thompson
R000376,2026-03-02T07:37:02Z,,شمس,الأسد
R000377,2026-03-02T07:39:42Z,المهندس,كريم,المصري
R000378,2026-03-02T07:40:02Z,Sheikh,Bassam,Khoury
R000379,2026-03-02T07:41:00Z,Eng.,Pearl,Gray
R000380,2026-03-02T07:41:40Z,,Wael,Al-Anazi
R000381,2026-03-02T07:41:43Z,Mr.,Qasim,Abu Khalil
R000382,2026-03-02T07:42:09Z,,Bushra,Sleiman
R000383,2026-03-02T07:42:41Z,,Marcus,Pemberton
R000384,2026-03-02T07:43:10Z,,دينا,المالكي
R000385,2026-03-02T07:43:47Z,,Thomas,Callahan
R000386,2026-03-02T07:43:53Z,الأستاذ الدكتور,جواد,الأسود
R000387,2026-03-02T07:44:27Z,Prof.,Hanan,Al-Balushi
R000388,2026-03-02T07:46:06Z,الأستاذة الدكتورة,أمنية,الفران
R000389,2026-03-02T07:51:03Z,Dr.,Nathaniel,Yarborough
R000390,2026-03-02T07:51:06Z,,Salem,Al-Balushi
R000391,2026-03-02T07:51:27Z,,Edward,Whitfield
R000392,2026-03-02T07:52:47Z,Mrs.,Mona,Al-Saadi
R000393,2026-03-02T07:53:37Z,Mr.,Ibrahim,Al-Hashimi
R000394,2026-03-02T07:53:50Z,Prof.,Margaret,Prescott
R000395,2026-03-02T07:54:59Z,,Majid,Al-Hashimi
R000396,2026-03-02T07:55:58Z,,Adel,Al-Dosari
R000397,2026-03-02T07:56:14Z,,Beatrice,Jefferson
R000398,2026-03-02T07:56:16Z,,Nasser,Al-Maliki
R000399,2026-03-02T07:56:56Z,Dr.,Eleanor,Northcott
R000400,2026-03-02T08:01:11Z,,Elizabeth,Osborne
R000401,2026-03-02T08:01:47Z,,Hanan,Al-Farsi
R000402,2026-03-02T08:02:41Z,,قمر,الوردي
R000403,2026-03-02T08:04:25Z,,Abeer,Al-Zahrani
R000404,2026-03-02T08:05:53Z,,Youssef,Sleiman
R000405,2026-03-02T08:06:46Z,,وائل,نصر الله
R000406,2026-03-02T08:07:41Z,Prof.,Wael,Al-Saadi
R000407,2026-03-02T08:08:28Z,Mrs.,Layla,Al-Ghamdi
R000408,2026-03-02T08:08:51Z,,Cecilia,Kensington
R000409,2026-03-02T08:09:39Z,,Michael,Thompson
R000410,2026-03-02T08:10:05Z,,Patrick,Gallagher
R000411,2026-03-02T08:10:14Z,Sheikh,Qasim,Al-Balushi
R000412,2026-03-02T08:11:29Z,,Rosalind,Jefferson
R000413,2026-03-02T08:11:57Z,,عز,الكريم
R000414,2026-03-02T08:17:18Z,,سرور,المعلم
R000415,2026-03-02T08:18:20Z,,Omar,Al-Halabi
R000416,2026-03-02T08:18:38Z,,River,Carpenter
R000417,2026-03-02T08:20:38Z,,Eleanor,Whitfield
R000418,2026-03-02T08:20:43Z,الشيخة,ريم,السبيعي
R000419,2026-03-02T08:21:29Z,Eng.,Oliver,MacGregor
R000420,2026-03-02T08:22:35Z,,Jennifer,Callahan
R000421,2026-03-02T08:22:36Z,,Omar,Al-Dosari
R000422,2026-03-02T08:25:08Z,,رانيا,الراشد
R000423,2026-03-02T08:25:53Z,,William,Janssen
R000424,2026-03-02T08:27:38Z,,Vincent,Yarborough
R000425,2026-03-02T08:27:39Z,,Layla,Al-Nuaimi
R000426,2026-03-02T08:27:41Z,Dr.,Eleanor,Northcott
R000427,2026-03-02T08:28:07Z,Prof.,Mona,bin Hamad
R000428,2026-03-02T08:28:34Z,,Rania,Abu Bakr
R000429,2026-03-02T08:28:44Z,,Salma,Al-Maliki
R000430,2026-03-02T08:30:48Z,Mr.,Marcus,Janssen
R000431,2026-03-02T08:31:51Z,Mr.,Qasim,Al-Mazrouei
R000432,2026-03-02T08:32:09Z,الأستاذة الدكتورة,نورة,الغامدي
R000433,2026-03-02T08:33:15Z,,ورد,الكريم
R000434,2026-03-02T08:33:22Z,Prof.,Matthew,Callahan
R000435,2026-03-02T08:34:45Z,,طارق,أبو بكر
R000436,2026-03-02T08:36:37Z,,Josephine,Whitfield
R000437,2026-03-02T08:36:58Z,,Saeed,Al-Juhani
R000438,2026-03-02T08:37:03Z,Sheikh,Khalid,Al-Mutairi
R000439,2026-03-02T08:37:49Z,Prof.,Edward,Janssen
R000440,2026-03-02T08:37:57Z,,Justice,Knight
R000441,2026-03-02T08:39:35Z,,Wael,Al-Halabi
R000442,2026-03-02T08:43:02Z,,Marwan,Fakhoury
R000443,2026-03-02T08:43:45Z,Eng.,Gabrielle,Radcliffe
R000444,2026-03-02T08:43:50Z,,Dominic,Fairbanks
R000445,2026-03-02T08:44:47Z,Eng.,Nicholas,Kensington
R000446,2026-03-02T08:45:09Z,,Ibrahim,Al-Maliki
R000447,2026-03-02T08:45:47Z,Prof.,Katherine,Thompson
R000448,2026-03-02T08:46:32Z,Prof.,Yasmin,Al-Halabi
R000449,2026-03-02T08:46:34Z,,Dalia,Darwish
R000450,2026-03-02T08:47:46Z,Mr.,Earl,Steel
R000451,2026-03-02T08:48:06Z,,فرح,أبو بكر
R000452,2026-03-02T08:48:51Z,,دينا,الهاشمي
R000453,2026-03-02T08:50:44Z,المهندس,كريم,المصري
R000454,2026-03-02T08:51:14Z,Dr.,Noura,Al-Maliki
R000455,2026-03-02T08:55:22Z,,Margaret,Lindqvist
R000456,2026-03-02T08:55:28Z,,Sultan,Al-Suwaidi
R000457,2026-03-02T08:56:26Z,,غزل,الغني
R000458,2026-03-02T09:00:28Z,Dr.,Heath,Price
R000459,2026-03-02T09:02:17Z,,Qasim,Al-Halabi
R000460,2026-03-02T09:02:33Z,,Rania,bin Zayed
R000461,2026-03-02T09:03:12Z,,Edward,Jefferson
R000462,2026-03-02T09:03:14Z,,غزل,الغني
R000463,2026-03-02T09:04:39Z,,Jennifer,Thompson
R000464,2026-03-02T09:07:57Z,,Rania,Al-Hosani
R000465,2026-03-02T09:09:13Z,,Ismail,Al-Farsi
R000466,2026-03-02T09:11:12Z,Eng.,Rashid,Al-Halabi
R000467,2026-03-02T09:11:28Z,,Hassan,Al-Anazi
R000468,2026-03-02T09:14:57Z,,عماد,أبو بكر
R000469,2026-03-02T09:15:12Z,,ياسمين,أبو بكر
R000470,2026-03-02T09:15:57Z,,أسد,الأمين
R000471,2026-03-02T09:18:06Z,Prof.,Dale,Gray
R000472,2026-03-02T09:20:10Z,Eng.,Ziad,Al-Amri
R000473,2026-03-02T09:21:56Z,,Omar,Al-Habsi
R000474,2026-03-02T09:24:11Z,,لينا,النجار
R000475,2026-03-02T09:25:46Z,Eng.,Anas,Al-Habsi
R000476,2026-03-02T09:25:51Z,Mr.,Thomas,Wellington
R000477,2026-03-02T09:27:30Z,,عماد,السبيعي
R000478,2026-03-02T09:27:43Z,,Ghada,Al-Ketbi
R000479,2026-03-02T09:27:46Z,,Margaret,Hoffmann
R000480,2026-03-02T09:29:22Z,,Hannah,Thompson
R000481,2026-03-02T09:30:04Z,,Beatrice,Underwood
R000482,2026-03-02T09:31:11Z,Eng.,Nasser,bin Zayed
R000483,2026-03-02T09:31:53Z,,Salma,Al-Suwaidi
R000484,2026-03-02T09:34:26Z,,بلسم,النجم
R000485,2026-03-02T09:36:38Z,,AYMAN,DARWISH
R000486,2026-03-02T09:38:11Z,,Rashid,Saab
R000487,2026-03-02T09:39:19Z,,Daisy,Mason
R000488,2026-03-02T09:45:57Z,,Hannah,Grimaldi
R000489,2026-03-02T09:46:11Z,,Benjamin,Wellington
R000490,2026-03-02T09:46:26Z,Dr.,Eleanor,Northcott
R000491,2026-03-02T09:49:36Z,Dr.,JABER,AL-NUAIMI
R000492,2026-03-02T09:52:10Z,,Chase,Brown
R000493,2026-03-02T09:52:34Z,,Wael,Al-Kindi
R000494,2026-03-02T09:52:59Z,,مروان,الحربي
R000495,2026-03-02T09:54:40Z,,Hamza,Al-Saadi
R000496,2026-03-02T09:55:13Z,,مسك,الصياد
R000497,2026-03-02T09:55:39Z,,Salem,Al-Balushi
R000498,2026-03-02T09:57:08Z,Eng.,Serenity,Young
R000499,2026-03-02T09:57:34Z,,Rashid,Saab
R000500,2026-03-02T10:00:19Z,,سحر,السبيعي
R000501,2026-03-02T10:00:27Z,,Mona,Al-Riyami
R000502,2026-03-02T10:01:37Z,Mr.,George,Donovan
R000503,2026-03-02T10:02:55Z,,Nathaniel,Richardson
R000504,2026-03-02T10:05:23Z,,Bilal,Abu Khalil
R000505,2026-03-02T10:05:28Z,الشيخة,مريم,أبو بكر
R000506,2026-03-02T10:07:57Z,,Jamal,Al-Amri
R000507,2026-03-02T10:08:23Z,,Andrew,Ferreira
R000508,2026-03-02T10:09:41Z,,Layla,Al-Juhani
R000509,2026-03-02T10:12:12Z,,Khadija,Al-Riyami
R000510,2026-03-02T10:12:30Z,Eng.,Tariq,Al-Rashid
R000511,2026-03-02T10:12:32Z,,Zaid,Al-Sayed
R000512,2026-03-02T10:15:41Z,,Hussein,Al-Anazi
R000513,2026-03-02T10:18:39Z,,وفاء,الكتبي
R000514,2026-03-02T10:22:23Z,,Ibrahim,Darwish
R000515,2026-03-02T10:25:38Z,,Hussein,Abu Bakr
R000516,2026-03-02T10:27:25Z,,سميرة,صعب
R000517,2026-03-02T10:27:58Z,,وائل,نصر الله
R000518,2026-03-02T10:30:00Z,,مروان,الحربي
R000519,2026-03-02T10:31:18Z,Sheikh,Khalid,Al-Mutairi
R000520,2026-03-02T10:32:19Z,الدكتور,مجد,الجبل
R000521,2026-03-02T10:32:31Z,,عنبر,الشجاع
R000522,2026-03-02T10:32:53Z,Dr.,Majid,Haddad
R000523,2026-03-02T10:33:09Z,Dr.,Ghada,Al-Hosani
R000524,2026-03-02T10:33:47Z,Mrs.,Eleanor,Stanton
R000525,2026-03-02T10:34:29Z,,وائل,نصر الله
R000526,2026-03-02T10:37:50Z,Eng.,Margaret,Lockwood
R000527,2026-03-02T10:38:50Z,Prof.,River,Weaver
R000528,2026-03-02T10:40:18Z,,كرم,البناء
R000529,2026-03-02T10:41:05Z,Dr.,Saeed,Al-Habsi
R000530,2026-03-02T10:42:51Z,,غيث,الأسود
R000531,2026-03-02T10:43:22Z,Eng.,Sebastian,Whitmore
R000532,2026-03-02T10:43:48Z,,Heath,Lake
R000533,2026-03-02T10:44:32Z,,Chase,Banks
R000534,2026-03-02T10:44:42Z,,Stephanie,Whitmore
R000535,2026-03-02T10:45:23Z,,Patrick,Gallagher
R000536,2026-03-02T10:46:16Z,,Rashid,Saab
R000537,2026-03-02T10:47:51Z,,وليد,السبيعي
R000538,2026-03-02T10:49:57Z,,Sahar,Al-Juhani
R000539,2026-03-02T10:50:23Z,,Faisal,Al-Hosani
R000540,2026-03-02T10:50:54Z,,Hussein,Al-Anazi
R000541,2026-03-02T10:51:34Z,Dr.,Elizabeth,Thompson
R000542,2026-03-02T10:51:55Z,,صقر,الفقيه
R000543,2026-03-02T10:53:12Z,,يوسف,المرزوقي
R000544,2026-03-02T10:54:47Z,,Noble,Hill
R000545,2026-03-02T10:56:51Z,Sheikh,Ghassan,Al-Mazrouei
R000546,2026-03-02T10:57:19Z,Prof.,Mohammed,bin Zayed
R000547,2026-03-02T10:57:46Z,,شمس,الأسد
R000548,2026-03-02T10:57:51Z,,Ayman,Haddad
R000549,2026-03-02T10:58:16Z,,George,Jefferson
R000550,2026-03-02T10:59:32Z,,Nathaniel,Gallagher
R000551,2026-03-02T11:07:00Z,,سماء,الشجاع
R000552,2026-03-02T11:08:37Z,,عبد الله,النعيمي
R000553,2026-03-02T11:08:51Z,Prof.,Nathaniel,Lockwood
R000554,2026-03-02T11:09:01Z,,سلطان,سليمان
R000555,2026-03-02T11:09:22Z,Prof.,Matthew,Callahan
R000556,2026-03-02T11:09:29Z,,زياد,البلوشي
R000557,2026-03-02T11:09:31Z,,وعد,الأبيض
R000558,2026-03-02T11:10:10Z,Prof.,Daniel,Kirkpatrick
R000559,2026-03-02T11:10:41Z,,نور,الكبير
R000560,2026-03-02T11:11:07Z,,Stephanie,Stanton
R000561,2026-03-02T11:13:25Z,Dr.,ELEANOR,NORTHCOTT
R000562,2026-03-02T11:16:41Z,Mr.,Saeed,Al-Marzooqi
R000563,2026-03-02T11:17:55Z,,Yasser,Al-Khatib
R000564,2026-03-02T11:21:27Z,,NATHANIEL,WHITMORE
R000565,2026-03-02T11:24:39Z,Prof.,Sharif,Al-Harbi
R000566,2026-03-02T11:25:10Z,,Khalid,bin Saeed
R000567,2026-03-02T11:25:13Z,,رانيا,البلوي
R000568,2026-03-02T11:31:43Z,,Ismail,Abu Khalil
R000569,2026-03-02T11:32:44Z,Dr.,Daniel,Prescott
R000570,2026-03-02T11:33:52Z,,Ali,Al-Amri
R000571,2026-03-02T11:34:56Z,,Jennifer,Chamberlain
R000572,2026-03-02T11:35:05Z,,Rashid,Al-Mazrouei
R000573,2026-03-02T11:37:19Z,الشيخة,ليلى,صعب
R000574,2026-03-02T11:39:53Z,,Daniel,Thompson
R000575,2026-03-02T11:40:36Z,,Dominic,Kirkpatrick
R000576,2026-03-02T11:40:43Z,السيدة,نور,الجميل
R000577,2026-03-02T11:40:55Z,,Nasser,Al-Rashid
R000578,2026-03-02T11:47:57Z,,خديجة,الحوسني
R000579,2026-03-02T11:48:08Z,Mrs.,Sophia,Beaumont
R000580,2026-03-02T11:52:11Z,,Cecilia,Whitmore
R000581,2026-03-02T11:54:13Z,,Hanan,Al-Qahtani
R000582,2026-03-02T11:55:20Z,Dr.,Salma,Al-Maliki
R000583,2026-03-02T11:56:53Z,السيد,كرم,الكريم
R000584,2026-03-02T11:57:55Z,,Anas,Al-Sayed
R000585,2026-03-02T11:58:43Z,الدكتورة,جنة,القصير
R000586,2026-03-02T11:59:45Z,,Penelope,Thompson
R000587,2026-03-02T11:59:48Z,Prof.,Jasmine,Taylor
R000588,2026-03-02T12:00:10Z,,Yasmin,Al-Maliki
R000589,2026-03-02T12:00:32Z,Mr.,Bassam,Al-Balushi
R000590,2026-03-02T12:02:00Z,,Marwan,Fakhoury
R000591,2026-03-02T12:02:07Z,المهندسة,مريم,الدوسري
R000592,2026-03-02T12:03:30Z,,River,Carpenter
R000593,2026-03-02T12:03:36Z,,بلسم,النجم
R000594,2026-03-02T12:05:09Z,Prof.,Wael,Al-Saadi
R000595,2026-03-02T12:06:11Z,,Waleed,Al-Juhani
R000596,2026-03-02T12:08:00Z,,عائشة,السبيعي
R000597,2026-03-02T12:08:56Z,,Pearl,Little
R000598,2026-03-02T12:10:15Z,Mrs.,Samantha,Donovan
R000599,2026-03-02T12:10:50Z,,ياسمين,الحلبي
R000600,2026-03-02T12:13:10Z,Eng.,Sultan,Al-Farsi
R000601,2026-03-02T12:14:43Z,,حنين,الصغير
R000602,2026-03-02T12:15:34Z,,Nasser,Al-Rashid
R000603,2026-03-02T12:15:55Z,,عماد,المرزوقي
R000604,2026-03-02T12:17:49Z,Prof.,Emad,Al-Anazi
R000605,2026-03-02T12:18:43Z,,راشد,سليمان
R000606,2026-03-02T12:19:05Z,Eng.,Rami,Al-Mazrouei
R000607,2026-03-02T12:19:29Z,,Osama,Fakhoury
R000608,2026-03-02T12:22:36Z,,Theodore,Gallagher
R000609,2026-03-02T12:23:10Z,Prof.,Adel,Sleiman
R000610,2026-03-02T12:25:40Z,,Amelia,Richardson
R000611,2026-03-02T12:25:47Z,,Liberty,Bell
R000612,2026-03-02T12:26:26Z,Dr.,Salma,Al-Maliki
R000613,2026-03-02T12:27:01Z,,Amelia,Richardson
R000614,2026-03-02T12:27:02Z,,Eleanor,Callahan
R000615,2026-03-02T12:29:43Z,,Sara,Al-Marzooqi
R000616,2026-03-02T12:29:58Z,,Maryam,Al-Farsi
R000617,2026-03-02T12:30:09Z,,STAR,WALKER
R000618,2026-03-02T12:30:16Z,Sheikh,Ahmed,Al-Sayed
R000619,2026-03-02T12:31:19Z,,راشد,أبو زيد
R000620,2026-03-02T12:36:45Z,Dr.,Frederick,Kensington
R000621,2026-03-02T12:37:19Z,,إسماعيل,سليمان
R000622,2026-03-02T12:39:06Z,Prof.,Yasmin,Al-Halabi
R000623,2026-03-02T12:39:23Z,,Samantha,Northcott
R000624,2026-03-02T12:41:19Z,المهندسة,أمل,الحربي
R000625,2026-03-02T12:42:00Z,,وعد,الأبيض
R000626,2026-03-02T12:42:01Z,,Rebecca,Quinlan
R000627,2026-03-02T12:42:11Z,Prof.,Ruby,Rich
R000628,2026-03-02T12:43:05Z,,Sultan,Al-Najjar
R000629,2026-03-02T12:45:00Z,,زينب,أبو زيد
R000630,2026-03-02T12:47:53Z,Prof.,HOPE,CROSS
R000631,2026-03-02T12:49:54Z,,Wael,Al-Sabah
R000632,2026-03-02T12:51:53Z,,Fox,Shepherd
R000633,2026-03-02T12:52:44Z,,Ghada,bin Zayed
R000634,2026-03-02T12:56:08Z,,Nicholas,Vandermeer
R000635,2026-03-02T12:57:06Z,,Peter,Prescott
R000636,2026-03-02T12:57:29Z,,Osama,Al-Nuaimi
R000637,2026-03-02T12:57:51Z,,Vincent,Montgomery
R000638,2026-03-02T12:59:31Z,,Huda,Al-Otaibi
R000639,2026-03-02T13:06:27Z,,Genevieve,Pemberton
R000640,2026-03-02T13:08:50Z,,Noura,bin Zayed
R000641,2026-03-02T13:09:08Z,Eng.,Oliver,MacGregor
R000642,2026-03-02T13:11:02Z,Prof.,Rami,Abu Khalil
R000643,2026-03-02T13:12:42Z,,وائل,نصر الله
R000644,2026-03-02T13:14:56Z,Prof.,Ruby,Rich
R000645,2026-03-02T13:16:29Z,الشيخ,مطر,الكاتب
R000646,2026-03-02T13:16:47Z,,Isabella,Ferreira
R000647,2026-03-02T13:16:54Z,المهندس,خالد,سليمان
R000648,2026-03-02T13:19:29Z,Mr.,Saeed,Al-Marzooqi
R000649,2026-03-02T13:23:05Z,,فارس,الأسد
R000650,2026-03-02T13:23:22Z,,لينا,النجار
R000651,2026-03-02T13:24:00Z,,Ziad,Al-Riyami
R000652,2026-03-02T13:25:15Z,Dr.,Majid,Al-Mazrouei
R000653,2026-03-02T13:27:25Z,,Abeer,Al-Masri
R000654,2026-03-02T13:27:29Z,,Rashid,Mansour
R000655,2026-03-02T13:28:45Z,,Talal,Haddad
R000656,2026-03-02T13:28:47Z,Dr.,Eleanor,Northcott
R000657,2026-03-02T13:29:04Z,,أنس,الهاشمي
R000658,2026-03-02T13:32:01Z,Mrs.,Eleanor,Stanton
R000659,2026-03-02T13:33:01Z,Prof.,Wael,Al-Saadi
R000660,2026-03-02T13:35:41Z,,Farah,Haddad
R000661,2026-03-02T13:38:22Z,,Cecilia,Whitmore
R000662,2026-03-02T13:40:02Z,,Saeed,Al-Otaibi
R000663,2026-03-02T13:42:18Z,,Edward,Lindqvist
R000664,2026-03-02T13:43:40Z,السيدة,رجاء,الحارس
R000665,2026-03-02T13:45:57Z,,Abeer,Al-Masri
R000666,2026-03-02T13:47:56Z,,Hamza,Al-Hashimi
R000667,2026-03-02T13:48:08Z,,ورد,الدباغ
R000668,2026-03-02T13:51:23Z,,Theodore,Prescott
R000669,2026-03-02T13:52:24Z,,Nathaniel,Richardson
R000670,2026-03-02T13:57:56Z,Eng.,Wael,Al-Mutairi
R000671,2026-03-02T14:00:13Z,,Rania,Al-Sayed
R000672,2026-03-02T14:00:17Z,الدكتور,وليد,الحربي
R000673,2026-03-02T14:01:20Z,,Lawrence,Osborne
R000674,2026-03-02T14:01:53Z,,Margaret,Hawthorne
R000675,2026-03-02T14:04:20Z,,جمال,الزهراني
R000676,2026-03-02T14:04:43Z,Eng.,Margaret,Iverson
R000677,2026-03-02T14:05:50Z,الأستاذ الدكتور,صابر,العطار
R000678,2026-03-02T14:06:23Z,,زيد,المصري
R000679,2026-03-02T14:07:56Z,,Andrew,Ferreira
R000680,2026-03-02T14:08:01Z,,Heath,Lake
R000681,2026-03-02T14:09:04Z,,Anas,Al-Masri
R000682,2026-03-02T14:09:44Z,,Marcus,Richardson
R000683,2026-03-02T14:10:22Z,Mr.,Reed,Crane
R000684,2026-03-02T14:13:50Z,,سحر,السبيعي
R000685,2026-03-02T14:17:16Z,,Ali,Abu Zaid
R000686,2026-03-02T14:22:29Z,,Benjamin,Pemberton
R000687,2026-03-02T14:23:30Z,,أمير,التاجر
R000688,2026-03-02T14:24:54Z,,سارة,بن حمد
R000689,2026-03-02T14:27:27Z,,Sharif,Al-Juhani
R000690,2026-03-02T14:27:33Z,Mr.,Majid,bin Hamad
R000691,2026-03-02T14:28:18Z,,Amelia,Ashworth
R000692,2026-03-02T14:29:30Z,,Jennifer,Chamberlain
R000693,2026-03-02T14:30:07Z,Eng.,Dalia,Al-Marzooqi
R000694,2026-03-02T14:30:15Z,Dr.,Ghada,Al-Hosani
R000695,2026-03-02T14:30:22Z,Prof.,Ahmed,Al-Hosani
R000696,2026-03-02T14:32:56Z,,Heath,Green
R000697,2026-03-02T14:34:33Z,Prof.,Joy,Sawyer
R000698,2026-03-02T14:35:22Z,,Rosalind,Prescott
R000699,2026-03-02T14:35:52Z,,أسد,الأمين
R000700,2026-03-02T14:35:54Z,,عز,الكريم
R000701,2026-03-02T14:38:21Z,Eng.,Wael,Al-Mutairi
R000702,2026-03-02T14:39:25Z,Prof.,Victoria,Donovan
R000703,2026-03-02T14:39:47Z,,عماد,السويدي
R000704,2026-03-02T14:41:43Z,السيد,مروان,الهاشمي
R000705,2026-03-02T14:42:50Z,الأستاذة الدكتورة,حنان,حداد
R000706,2026-03-02T14:51:01Z,Mrs.,Katherine,Thornbury
R000707,2026-03-02T14:51:04Z,Sheikha,Layla,Al-Dosari
R000708,2026-03-02T14:51:41Z,Mr.,Saeed,Al-Marzooqi
R000709,2026-03-02T14:51:53Z,,Mahmoud,Al-Mazrouei
R000710,2026-03-02T14:52:02Z,,Rashid,Mansour
R000711,2026-03-02T14:52:25Z,,جميلة,الشريف
R000712,2026-03-02T14:53:25Z,,Faisal,Haddad
R000713,2026-03-02T14:54:10Z,,Farah,Al-Harbi
R000714,2026-03-02T14:54:51Z,,Mohammed,Al-Halabi
R000715,2026-03-02T14:55:43Z,,نجم,الحكيم
R000716,2026-03-02T14:56:17Z,,Eleanor,Whitfield
R000717,2026-03-02T14:56:25Z,,Fatima,Al-Hashimi
R000718,2026-03-02T14:56:45Z,Mr.,Majid,bin Hamad
R000719,2026-03-02T14:57:15Z,الدكتور,عنبر,الجبل
R000720,2026-03-02T14:59:23Z,Dr.,Tariq,Al-Riyami
R000721,2026-03-02T14:59:55Z,الأستاذة الدكتورة,لؤلؤة,الخباز
R000722,2026-03-02T15:00:19Z,,Bilal,Al-Farsi
R000723,2026-03-02T15:00:33Z,,وائل,نصر الله
R000724,2026-03-02T15:01:40Z,,Andrew,Ferreira
R000725,2026-03-02T15:02:41Z,,Dale,Banks
R000726,2026-03-02T15:02:46Z,,Oliver,Harrington
R000727,2026-03-02T15:03:29Z,Sheikh,Khalid,Al-Najjar
R000728,2026-03-02T15:03:37Z,,Theodore,Gallagher
R000729,2026-03-02T15:03:45Z,,Star,Walker
R000730,2026-03-02T15:05:16Z,,Samantha,Ellsworth
R000731,2026-03-02T15:06:03Z,,جواد,القصير
R000732,2026-03-02T15:06:05Z,Prof.,Margaret,Whitfield
R000733,2026-03-02T15:06:24Z,,Ahmed,Al-Najjar
R000734,2026-03-02T15:07:08Z,,Jaber,Al-Juhani
R000735,2026-03-02T15:07:58Z,,Sebastian,Kirkpatrick
R000736,2026-03-02T15:10:26Z,Dr.,Eleanor,Northcott
R000737,2026-03-02T15:11:34Z,Mr.,Dominic,Beaumont
R000738,2026-03-02T15:13:15Z,,Alexander,Hoffmann
R000739,2026-03-02T15:14:15Z,,Heath,Lake
R000740,2026-03-02T15:14:22Z,,نور,الأشقر
R000741,2026-03-02T15:16:58Z,,Julian,Osborne
R000742,2026-03-02T15:19:53Z,المهندس,كرم,الأشقر
R000743,2026-03-02T15:20:34Z,,Zaid,Al-Ali
R000744,2026-03-02T15:21:37Z,,راشد,سليمان
R000745,2026-03-02T15:22:41Z,,Youssef,Al-Kindi
R000746,2026-03-02T15:23:09Z,Eng.,Tariq,Al-Rashid
R000747,2026-03-02T15:24:15Z,,Mostafa,Al-Rashid
R000748,2026-03-02T15:24:26Z,,Marcus,Ziegler
R000749,2026-03-02T15:26:03Z,Prof.,William,Richardson
R000750,2026-03-02T15:26:11Z,,Hussein,Al-Dosari
R000751,2026-03-02T15:26:29Z,Dr.,Eleanor,Northcott
R000752,2026-03-02T15:28:40Z,,Grace,Prescott
R000753,2026-03-02T15:29:06Z,,طلال,بن سعيد
R000754,2026-03-02T15:29:43Z,,داليا,درويش
R000755,2026-03-02T15:30:26Z,Dr.,Eleanor,Northcott
R000756,2026-03-02T15:30:32Z,Mrs.,Eleanor,Stanton
R000757,2026-03-02T15:30:56Z,Eng.,Marwan,Al-Riyami
R000758,2026-03-02T15:31:11Z,,Jasmine,Mason
R000759,2026-03-02T15:31:15Z,Eng.,Sebastian,Underwood
R000760,2026-03-02T15:33:06Z,Eng.,Nicholas,Lindqvist
R000761,2026-03-02T15:34:31Z,,Rosalind,Montgomery
R000762,2026-03-02T15:35:06Z,,Mahmoud,Al-Mazrouei
R000763,2026-03-02T15:35:21Z,,Liberty,Sawyer
R000764,2026-03-02T15:35:22Z,,Matthew,Montgomery
R000765,2026-03-02T15:35:54Z,,Katherine,Brennan
R000766,2026-03-02T15:36:08Z,,Pearl,Short
R000767,2026-03-02T15:37:38Z,,Ghassan,Darwish
R000768,2026-03-02T15:37:39Z,,Sky,Swift
R000769,2026-03-02T15:38:16Z,Dr.,Violet,Savage
R000770,2026-03-02T15:38:39Z,,سميرة,صعب
R000771,2026-03-02T15:40:13Z,Dr.,Salma,Al-Maliki
R000772,2026-03-02T15:43:54Z,,Marwan,Al-Sayed
R000773,2026-03-02T15:44:43Z,,Kareem,Al-Suwaidi
R000774,2026-03-02T15:45:30Z,المهندس,إسماعيل,الراشد
R000775,2026-03-02T15:46:04Z,Dr.,Emad,Al-Qahtani
R000776,2026-03-02T15:46:32Z,,Hannah,Pemberton
R000777,2026-03-02T15:46:37Z,,Hisham,Saab
R000778,2026-03-02T15:47:16Z,السيد,سلطان,الزهراني
R000779,2026-03-02T15:50:14Z,Mr.,Yasser,Sleiman
R000780,2026-03-02T15:50:55Z,,Abeer,Al-Ali
R000781,2026-03-02T15:51:15Z,Prof.,Benjamin,Sutherland
R000782,2026-03-02T15:52:36Z,,Bassam,Al-Ali
R000783,2026-03-02T15:53:54Z,Prof.,Yasser,Al-Hosani
R000784,2026-03-02T15:54:32Z,,Zaid,Al-Mutairi
R000785,2026-03-02T15:54:41Z,Prof.,Sharif,Al-Harbi
R000786,2026-03-02T15:59:22Z,,Kareem,Al-Khatib
R000787,2026-03-02T15:59:45Z,Dr.,King,Strong
R000788,2026-03-02T16:00:33Z,,سماء,الملك
R000789,2026-03-02T16:00:58Z,,أسد,الأمين
R000790,2026-03-02T16:01:05Z,,Hussein,Al-Mutairi
R000791,2026-03-02T16:01:54Z,,أيمن,العنزي
R000792,2026-03-02T16:01:56Z,Prof.,Alexander,Ashworth
R000793,2026-03-02T16:03:51Z,,أمل,الزهراني
R000794,2026-03-02T16:04:13Z,,طارق,أبو بكر
R000795,2026-03-02T16:04:25Z,,طارق,أبو بكر
R000796,2026-03-02T16:05:31Z,Sheikh,Bassam,Al-Juhani
R000797,2026-03-02T16:06:39Z,,أنس,المصري
R000798,2026-03-02T16:08:04Z,المهندسة,نهى,السلطان
R000799,2026-03-02T16:08:38Z,,Michael,Thompson
R000800,2026-03-02T16:08:55Z,,Drake,Farmer
R000801,2026-03-02T16:09:00Z,,ريم,الكندي
R000802,2026-03-02T16:10:03Z,,Prince,Savage
R000803,2026-03-02T16:12:44Z,,Rania,Al-Najjar
R000804,2026-03-02T16:13:28Z,,Wael,bin Zayed
R000805,2026-03-02T16:13:57Z,Mrs.,Eleanor,Stanton
R000806,2026-03-02T16:16:38Z,,Tariq,Fakhoury
R000807,2026-03-02T16:17:21Z,,Victoria,Richardson
R000808,2026-03-02T16:20:36Z,,Theodore,Underwood
R000809,2026-03-02T16:21:13Z,,Cecilia,Whitmore
R000810,2026-03-02T16:22:34Z,Eng.,Pearl,Gray
R000811,2026-03-02T16:23:42Z,Dr.,Eleanor,Northcott
R000812,2026-03-02T16:27:32Z,,Ivy,Price
R000813,2026-03-02T16:28:24Z,,Michael,Whitmore
R000814,2026-03-02T16:28:27Z,,SAHAR,AL-DOSARI
R000815,2026-03-02T16:29:36Z,,Ghada,Al-Sayed
R000816,2026-03-02T16:30:25Z,السيد,عبد الله,الخطيب
R000817,2026-03-02T16:31:46Z,Prof.,Katherine,Thompson
R000818,2026-03-02T16:32:49Z,,Ghada,Al-Suwaidi
R000819,2026-03-02T16:36:15Z,Sheikh,Adel,Al-Amri
R000820,2026-03-02T16:37:13Z,,Edward,Lindqvist
R000821,2026-03-02T16:40:20Z,,عمار,الكندي
R000822,2026-03-02T16:40:48Z,,Amelia,Lockwood
R000823,2026-03-02T16:41:21Z,,ANAS,AL-MASRI
R000824,2026-03-02T16:41:59Z,,Sophia,Ellsworth
R000825,2026-03-02T16:42:16Z,,Hamza,Mansour
R000826,2026-03-02T16:42:39Z,,Yasmin,Al-Maliki
R000827,2026-03-02T16:44:17Z,,Hunter,Taylor
R000828,2026-03-02T16:44:24Z,,Yasser,Al-Halabi
R000829,2026-03-02T16:47:40Z,,Bushra,Al-Najjar
R000830,2026-03-02T16:47:41Z,السيد,مروان,الهاشمي
R000831,2026-03-02T16:50:59Z,Mr.,Sharif,Al-Saadi
R000832,2026-03-02T16:53:04Z,,Abeer,Al-Zahrani
R000833,2026-03-02T16:55:24Z,,Rashid,Khoury
R000834,2026-03-02T16:55:55Z,Mr.,Dominic,Whitfield
R000835,2026-03-02T16:56:49Z,Eng.,William,Ferreira
R000836,2026-03-02T16:57:13Z,,Eleanor,Hawthorne
R000837,2026-03-02T17:01:57Z,Sheikh,Khalid,Al-Najjar
R000838,2026-03-02T17:01:59Z,,Faisal,Haddad
R000839,2026-03-02T17:03:14Z,الدكتورة,حنان,السبيعي
R000840,2026-03-02T17:03:49Z,,Henry,Underwood
R000841,2026-03-02T17:04:29Z,الدكتور,قاسم,النجار
R000842,2026-03-02T17:04:53Z,,راشد,صعب
R000843,2026-03-02T17:05:40Z,Mr.,Prince,Winter
R000844,2026-03-02T17:07:00Z,,Rashid,Saab
R000845,2026-03-02T17:07:25Z,,غزل,الغني
R000846,2026-03-02T17:08:23Z,Prof.,Nathaniel,Lockwood
R000847,2026-03-02T17:08:40Z,Sheikha,Yasmin,Al-Mutairi
R000848,2026-03-02T17:12:33Z,,Bassam,Al-Zahrani
R000849,2026-03-02T17:12:50Z,,زيد,أبو بكر
R000850,2026-03-02T17:12:57Z,,Angel,Potter
R000851,2026-03-02T17:13:03Z,,Charlotte,Ingram
R000852,2026-03-02T17:15:07Z,Mrs.,Bushra,Saab
R000853,2026-03-02T17:17:51Z,Mr.,Earl,Steel
R000854,2026-03-02T17:18:35Z,,Amelia,Richardson
R000855,2026-03-02T17:18:47Z,Mr.,Thomas,Whitfield
R000856,2026-03-02T17:19:50Z,,Benjamin,Pemberton
R000857,2026-03-02T17:20:15Z,,Rashid,Saab
R000858,2026-03-02T17:22:38Z,,HISHAM,AL-HALABI
R000859,2026-03-02T17:23:07Z,Mrs.,Eleanor,Stanton
R000860,2026-03-02T17:25:05Z,Prof.,Dale,Gray
R000861,2026-03-02T17:26:07Z,,مريم,السعدي
R000862,2026-03-02T17:27:42Z,,Ahmed,Al-Maliki
R000863,2026-03-02T17:28:39Z,,Sage,Lake
R000864,2026-03-02T17:29:33Z,Sheikh,Yasser,Al-Khatib
R000865,2026-03-02T17:30:17Z,,عمر,المزروعي
R000866,2026-03-02T17:30:20Z,السيد,عبد الرحمن,الريامي
R000867,2026-03-02T17:30:34Z,,Daniel,Thompson
R000868,2026-03-02T17:31:36Z,,Olivia,Ashworth
R000869,2026-03-02T17:31:45Z,,Robin,Farmer
R000870,2026-03-02T17:32:24Z,Sheikh,Ghassan,Al-Mazrouei
R000871,2026-03-02T17:35:50Z,Prof.,Daniel,Kirkpatrick
R000872,2026-03-02T17:39:17Z,,Drake,White
R000873,2026-03-02T17:39:21Z,Dr.,Noura,Al-Maliki
R000874,2026-03-02T17:39:39Z,,Nicholas,Quinlan
R000875,2026-03-02T17:40:31Z,,Iman,bin Hamad
R000876,2026-03-02T17:42:46Z,,Ziad,Al-Ali
R000877,2026-03-02T17:45:35Z,Sheikh,Waleed,Al-Riyami
R000878,2026-03-02T17:51:10Z,Prof.,Penelope,Whitfield
R000879,2026-03-02T17:54:49Z,,Nabil,Al-Sabah
R000880,2026-03-02T17:57:04Z,,Olivia,Ashworth
R000881,2026-03-02T17:59:17Z,Dr.,Marwan,Abu Khalil
R000882,2026-03-02T18:00:31Z,Dr.,Eleanor,Northcott
R000883,2026-03-02T18:00:47Z,,نمر,الطبيب
R000884,2026-03-02T18:01:18Z,,Noble,Hill
R000885,2026-03-02T18:02:02Z,Dr.,Eleanor,Northcott
R000886,2026-03-02T18:02:17Z,,Nathaniel,Ashworth
R000887,2026-03-02T18:02:35Z,السيد,مروان,الهاشمي
R000888,2026-03-02T18:03:02Z,,أمير,التاجر
R000889,2026-03-02T18:03:46Z,,Cecilia,Klein
R000890,2026-03-02T18:04:38Z,Prof.,Ibrahim,Al-Suwaidi
R000891,2026-03-02T18:05:04Z,Mrs.,Ghada,Al-Nuaimi
R000892,2026-03-02T18:06:13Z,,OSAMA,AL-BALAWI
R000893,2026-03-02T18:06:34Z,Dr.,Josephine,Donovan
R000894,2026-03-02T18:07:14Z,,Thomas,Hawthorne
R000895,2026-03-02T18:07:23Z,,Amelia,Callahan
R000896,2026-03-02T18:07:42Z,,راشد,أبو زيد
R000897,2026-03-02T18:08:43Z,الأستاذ الدكتور,صابر,العطار
R000898,2026-03-02T18:08:56Z,,Rashid,Khoury
R000899,2026-03-02T18:11:36Z,Dr.,Grace,Klein
R000900,2026-03-02T18:11:58Z,,عبد الله,الراشد
R000901,2026-03-02T18:13:18Z,,Fadi,Abu Zaid
R000902,2026-03-02T18:14:57Z,Mrs.,Zainab,Al-Khatib
R000903,2026-03-02T18:16:30Z,,Wael,bin Zayed
R000904,2026-03-02T18:16:42Z,,Amelia,Donovan
R000905,2026-03-02T18:16:47Z,,Mohammed,Al-Halabi
R000906,2026-03-02T18:17:01Z,,فرح,الكندي
R000907,2026-03-02T18:17:20Z,,سحر,المالكي
R000908,2026-03-02T18:17:45Z,,Dina,Al-Juhani
R000909,2026-03-02T18:18:36Z,Dr.,Jennifer,Whitfield
R000910,2026-03-02T18:19:00Z,السيد,وائل,درويش
R000911,2026-03-02T18:20:01Z,,Eleanor,Whitfield
R000912,2026-03-02T18:23:21Z,,Nasser,Al-Maliki
R000913,2026-03-02T18:25:29Z,Eng.,Sophia,Donovan
R000914,2026-03-02T18:27:18Z,,وائل,السبيعي
R000915,2026-03-02T18:27:48Z,,Hala,Al-Sayed
R000916,2026-03-02T18:27:52Z,Eng.,William,Ferreira
R000917,2026-03-02T18:29:45Z,,Wael,bin Zayed
R000918,2026-03-02T18:34:33Z,,رجاء,الفران
R000919,2026-03-02T18:35:19Z,,عائشة,الجهني
R000920,2026-03-02T18:36:58Z,,Daniel,Hawthorne
R000921,2026-03-02T18:38:17Z,Sheikh,Khalid,Al-Najjar
R000922,2026-03-02T18:38:36Z,,Farah,Mansour
R000923,2026-03-02T18:38:55Z,,Nasser,Al-Rashid
R000924,2026-03-02T18:40:06Z,السيد,مروان,الهاشمي
R000925,2026-03-02T18:40:47Z,,Hussein,Al-Anazi
R000926,2026-03-02T18:41:29Z,,Hunter,Taylor
R000927,2026-03-02T18:43:14Z,Eng.,Margaret,Iverson
R000928,2026-03-02T18:44:59Z,السيدة,رجاء,الحارس
R000929,2026-03-02T18:46:20Z,Prof.,Dominic,Montgomery
R000930,2026-03-02T18:46:49Z,,Emad,Al-Otaibi
R000931,2026-03-02T18:47:22Z,,قمر,الوردي
R000932,2026-03-02T18:47:24Z,,Waleed,bin Zayed
R000933,2026-03-02T18:49:03Z,Mr.,Saeed,Al-Marzooqi
R000934,2026-03-02T18:49:55Z,,Rashid,Saab
R000935,2026-03-02T18:50:35Z,,عبد الرحمن,الحوسني
R000936,2026-03-02T18:51:01Z,,Dominic,Klein
R000937,2026-03-02T18:56:36Z,الشيخ,إسماعيل,النعيمي
R000938,2026-03-02T18:57:23Z,,Adel,Al-Ghamdi
R000939,2026-03-02T18:58:42Z,,James,Blackwood
R000940,2026-03-02T19:00:37Z,Dr.,Lawrence,Kirkpatrick
R000941,2026-03-02T19:01:47Z,,Layla,Al-Mutairi
R000942,2026-03-02T19:02:10Z,Prof.,Prince,Fletcher
R000943,2026-03-02T19:07:13Z,Dr.,Nathaniel,Lockwood
R000944,2026-03-02T19:08:35Z,Eng.,Margaret,Iverson
R000945,2026-03-02T19:09:02Z,Sheikh,Saeed,Al-Halabi
R000946,2026-03-02T19:10:24Z,,Mohammed,Al-Halabi
R000947,2026-03-02T19:11:21Z,,Frederick,Lindqvist
R000948,2026-03-02T19:12:50Z,,Emad,Abu Bakr
R000949,2026-03-02T19:13:06Z,Mrs.,Sahar,Al-Najjar
R000950,2026-03-02T19:13:26Z,,Christopher,Ingram
R000951,2026-03-02T19:13:40Z,الدكتور,سامي,الراشد
R000952,2026-03-02T19:16:43Z,الدكتور,مروان,المصري
R000953,2026-03-02T19:18:18Z,,Amelia,Whitmore
R000954,2026-03-02T19:19:28Z,Dr.,Emily,MacGregor
R000955,2026-03-02T19:19:46Z,,Chase,Brown
R000956,2026-03-02T19:20:20Z,,وليد,فاخوري
R000957,2026-03-02T19:21:04Z,,Earl,Mason
R000958,2026-03-02T19:21:17Z,,Nasser,Darwish
R000959,2026-03-02T19:23:44Z,,Ghassan,Al-Saadi
R000960,2026-03-02T19:25:13Z,الدكتور,بسام,خوري
R000961,2026-03-02T19:27:38Z,Dr.,Jennifer,Whitfield
R000962,2026-03-02T19:29:46Z,,Alexander,Hoffmann
R000963,2026-03-02T19:29:58Z,,ريم,الكندي
R000964,2026-03-02T19:30:39Z,,Faisal,Al-Hosani
R000965,2026-03-02T19:30:55Z,Eng.,Nicholas,Lindqvist
R000966,2026-03-02T19:32:18Z,Sheikh,Hassan,Al-Juhani
R000967,2026-03-02T19:32:47Z,,Tariq,Al-Balawi
R000968,2026-03-02T19:33:07Z,Dr.,Hanan,Khoury
R000969,2026-03-02T19:33:35Z,Prof.,Kamal,bin Hamad
R000970,2026-03-02T19:35:21Z,الدكتور,وليد,السبيعي
R000971,2026-03-02T19:35:43Z,Dr.,Edward,Lindqvist
R000972,2026-03-02T19:36:14Z,,Ghassan,Al-Dosari
R000973,2026-03-02T19:36:56Z,الدكتورة,ليلى,فاخوري
R000974,2026-03-02T19:37:07Z,,Sara,Al-Riyami
R000975,2026-03-02T19:38:37Z,,Nabil,Al-Sabah
R000976,2026-03-02T19:38:46Z,,Star,Bird
R000977,2026-03-02T19:39:26Z,Eng.,Sebastian,Whitmore
R000978,2026-03-02T19:40:55Z,,Beatrice,Lockwood
R000979,2026-03-02T19:41:30Z,الدكتور,بسام,خوري
R000980,2026-03-02T19:41:32Z,,Qasim,Nasrallah
R000981,2026-03-02T19:44:39Z,,سحر,المالكي
R000982,2026-03-02T19:44:51Z,,نمر,الطبيب
R000983,2026-03-02T19:44:52Z,Eng.,Ziad,Al-Mutairi
R000984,2026-03-02T19:46:37Z,,Jennifer,Chamberlain
R000985,2026-03-02T19:47:23Z,السيد,محمود,المصري
R000986,2026-03-02T19:48:09Z,,Gabrielle,Kirkpatrick
R000987,2026-03-02T19:48:56Z,,Youssef,Al-Mutairi
R000988,2026-03-02T19:50:09Z,,مصطفى,المزروعي
R000989,2026-03-02T19:50:14Z,Mrs.,Penelope,Gallagher
R000990,2026-03-02T19:50:38Z,,Abdulrahman,Al-Nuaimi
R000991,2026-03-02T19:50:45Z,,Beatrice,Underwood
R000992,2026-03-02T19:54:32Z,,Hala,Al-Sayed
R000993,2026-03-02T19:54:43Z,,Rashid,Saab
R000994,2026-03-02T19:55:21Z,,Eleanor,Whitfield
R000995,2026-03-02T19:55:23Z,Prof.,Hamza,Al-Dosari
R000996,2026-03-02T19:56:53Z,,Saeed,Al-Otaibi
R000997,2026-03-02T20:01:47Z,Mrs.,Grace,Lockwood
R000998,2026-03-02T20:03:26Z,,Kamal,Al-Suwaidi
R000999,2026-03-02T20:06:02Z,Prof.,Sultan,Al-Zahrani
R001000,2026-03-02T20:06:13Z,,Nasser,Al-Mazrouei
R001001,2026-03-02T20:08:15Z,,Fadi,Al-Balushi
R001002,2026-03-02T20:10:21Z,,Abdullah,Abu Zaid
R001003,2026-03-02T20:12:10Z,,Rashid,Saab
R001004,2026-03-02T20:12:25Z,Prof.,Grace,Ashworth
R001005,2026-03-02T20:13:24Z,,عنبر,الشجاع
R001006,2026-03-02T20:13:38Z,,أنس,المصري
R001007,2026-03-02T20:14:02Z,,وائل,نصر الله
R001008,2026-03-02T20:14:28Z,Eng.,Ibrahim,Al-Khatib
R001009,2026-03-02T20:16:20Z,,Omar,Al-Nuaimi
R001010,2026-03-02T20:16:25Z,Dr.,Emily,Fairbanks
R001011,2026-03-02T20:18:01Z,,Benjamin,Pemberton
R001012,2026-03-02T20:18:13Z,,خديجة,صعب
R001013,2026-03-02T20:22:08Z,,Abeer,Al-Masri
R001014,2026-03-02T20:22:26Z,الأستاذ الدكتور,جواد,الأسود
R001015,2026-03-02T20:22:48Z,,خديجة,الحوسني
R001016,2026-03-02T20:23:10Z,,Hannah,Whitmore
R001017,2026-03-02T20:25:20Z,,NATHANIEL,VAN DER BERG
R001018,2026-03-02T20:25:42Z,الدكتور,وليد,السبيعي
R001019,2026-03-02T20:27:14Z,Dr.,Eleanor,Northcott
R001020,2026-03-02T20:28:42Z,Sheikh,Saeed,Abu Khalil
R001021,2026-03-02T20:28:59Z,,Fatima,Al-Hashimi
R001022,2026-03-02T20:29:05Z,Prof.,Ibrahim,Al-Suwaidi
R001023,2026-03-02T20:29:52Z,,Henry,Wellington
R001024,2026-03-02T20:32:08Z,,عبد الله,الراشد
R001025,2026-03-02T20:32:16Z,السيد,مروان,الهاشمي
R001026,2026-03-02T20:32:38Z,,مجد,الحكيم
R001027,2026-03-02T20:33:28Z,,Maryam,Al-Farsi
R001028,2026-03-02T20:39:04Z,,ZAID,AL-SAYED
R001029,2026-03-02T20:39:21Z,,ملاك,الصباغ
R001030,2026-03-02T20:41:12Z,Eng.,Benjamin,Kirkpatrick
R001031,2026-03-02T20:41:30Z,,Rashid,Saab
R001032,2026-03-02T20:42:26Z,Dr.,Eleanor,Northcott
R001033,2026-03-02T20:43:07Z,,Samantha,Northcott
R001034,2026-03-02T20:45:08Z,,عبد الرحمن,الحوسني
R001035,2026-03-02T20:45:36Z,,Amelia,Grimaldi
R001036,2026-03-02T20:46:08Z,,OLIVIA,ASHWORTH
R001037,2026-03-02T20:49:06Z,,Anas,Al-Masri
R001038,2026-03-02T20:49:33Z,,Charlotte,Iverson
R001039,2026-03-02T20:51:03Z,,Layla,Al-Mutairi
R001040,2026-03-02T20:52:16Z,,Ismail,Abu Khalil
R001041,2026-03-02T20:52:33Z,,Violet,Banks
R001042,2026-03-02T20:52:38Z,الدكتور,بسام,خوري
R001043,2026-03-02T20:53:02Z,,Christopher,Hoffmann
R001044,2026-03-02T20:53:15Z,,غزل,الغني
R001045,2026-03-02T20:53:27Z,,Zaid,Al-Subaie
R001046,2026-03-02T20:54:19Z,,Hassan,Al-Anazi
R001047,2026-03-02T20:55:20Z,,Mohammed,Al-Halabi
R001048,2026-03-02T20:56:52Z,,Ghada,Al-Sayed
R001049,2026-03-02T20:57:34Z,,James,Underwood
R001050,2026-03-02T20:59:19Z,,عماد,الريامي
R001051,2026-03-02T21:00:02Z,الشيخ,عبد الله,المصري
R001052,2026-03-02T21:01:32Z,,Frederick,Escobar
R001053,2026-03-02T21:01:55Z,Dr.,Khadija,Al-Najjar
R001054,2026-03-02T21:03:51Z,,Isabella,Lindqvist
R001055,2026-03-02T21:04:16Z,,Amelia,Montgomery
R001056,2026-03-02T21:04:51Z,,زيد,الخطيب
R001057,2026-03-02T21:06:04Z,,Nadia,Al-Ghamdi
R001058,2026-03-02T21:06:17Z,,Julian,Osborne
R001059,2026-03-02T21:06:18Z,,أمل,الزهراني
R001060,2026-03-02T21:06:28Z,,Marwan,Al-Ghamdi
R001061,2026-03-02T21:08:35Z,المهندسة,نهى,السلطان
R001062,2026-03-02T21:09:38Z,,Rashid,bin Saeed
R001063,2026-03-02T21:09:44Z,,Drake,White
R001064,2026-03-02T21:10:17Z,,Ghada,Haddad
R001065,2026-03-02T21:11:44Z,,Nathaniel,Richardson
R001066,2026-03-02T21:11:53Z,,ليلى,المالكي
R001067,2026-03-02T21:14:38Z,,Fadi,Al-Balushi
R001068,2026-03-02T21:16:38Z,,Beatrice,Lockwood
R001069,2026-03-02T21:17:08Z,,Mahmoud,Mansour
R001070,2026-03-02T21:18:51Z,,Fatima,Al-Hashimi
R001071,2026-03-02T21:22:02Z,Mr.,Qasim,Al-Mazrouei
R001072,2026-03-02T21:24:45Z,Mr.,Nicholas,Osborne
R001073,2026-03-02T21:25:05Z,,Henry,Sutherland
R001074,2026-03-02T21:26:32Z,,خديجة,صعب
R001075,2026-03-02T21:27:45Z,,Iris,Butler
R001076,2026-03-02T21:29:42Z,,Kamal,Al-Khatib
R001077,2026-03-02T21:30:44Z,Eng.,Andrew,Kirkpatrick
R001078,2026-03-02T21:31:18Z,,Benjamin,Pemberton
R001079,2026-03-02T21:34:21Z,,عبير,البلوي
R001080,2026-03-02T21:35:14Z,,مجد,الأمين
R001081,2026-03-02T21:35:23Z,,عائشة,الحبسي
R001082,2026-03-02T21:36:05Z,,ماجد,أبو بكر
R001083,2026-03-02T21:37:23Z,,Penelope,Quinlan
R001084,2026-03-02T21:38:01Z,Sheikh,Waleed,Al-Riyami
R001085,2026-03-02T21:38:04Z,,Zainab,Al-Otaibi
R001086,2026-03-02T21:39:31Z,الشيخة,أمنية,الخباز
R001087,2026-03-02T21:40:26Z,,Majid,Al-Habsi
R001088,2026-03-02T21:40:45Z,Prof.,Margaret,Whitfield
R001089,2026-03-02T21:41:10Z,Dr.,Emily,MacGregor
R001090,2026-03-02T21:41:12Z,,Layla,Al-Mutairi
R001091,2026-03-02T21:41:39Z,,بلسم,النجم
R001092,2026-03-02T21:41:51Z,,Maryam,Al-Ghamdi
R001093,2026-03-02T21:43:35Z,الشيخ,ريحان,الصائغ
R001094,2026-03-02T21:44:57Z,,وعد,التاجر
R001095,2026-03-02T21:45:45Z,,نصر,الصياد
R001096,2026-03-02T21:51:42Z,Eng.,Cecilia,Thompson
R001097,2026-03-02T21:54:09Z,,Edward,Jefferson
R001098,2026-03-02T21:55:22Z,Sheikh,Waleed,Al-Riyami
R001099,2026-03-02T21:55:58Z,,Joy,Rich
R001100,2026-03-02T21:58:02Z,,صقر,الفقيه
R001101,2026-03-02T22:00:42Z,,Emad,Al-Marzooqi
R001102,2026-03-02T22:01:24Z,,وردة,الشريف
R001103,2026-03-02T22:04:13Z,,Ghassan,Darwish
R001104,2026-03-02T22:04:15Z,,Katherine,Vandermeer
R001105,2026-03-02T22:06:12Z,الشيخ,خالد,العنزي
R001106,2026-03-02T22:06:16Z,Dr.,Sky,Swift
R001107,2026-03-02T22:06:49Z,,Khalid,bin Saeed
R001108,2026-03-02T22:07:36Z,,عبد الرحمن,الحوسني
R001109,2026-03-02T22:08:07Z,,Abeer,Al-Zahrani
R001110,2026-03-02T22:08:43Z,Dr.,Katherine,Iverson
R001111,2026-03-02T22:09:15Z,Eng.,Rashid,Al-Halabi
R001112,2026-03-02T22:10:13Z,Mr.,Prince,Winter
R001113,2026-03-02T22:11:01Z,Prof.,Sophia,Prescott
R001114,2026-03-02T22:12:17Z,,Hamza,Al-Hashimi
R001115,2026-03-02T22:13:38Z,,Mohammed,Al-Halabi
R001116,2026-03-02T22:14:00Z,,Ghassan,Al-Zahrani
R001117,2026-03-02T22:14:26Z,,Eleanor,Fairbanks
R001118,2026-03-02T22:14:52Z,الشيخ,سيف,الملك
R001119,2026-03-02T22:18:36Z,,Amelia,Klein
R001120,2026-03-02T22:18:44Z,,Bilal,bin Saeed
R001121,2026-03-02T22:20:19Z,,Melody,Hill
R001122,2026-03-02T22:22:09Z,,Ahmed,Al-Maliki
R001123,2026-03-02T22:23:38Z,,Salma,Al-Suwaidi
R001124,2026-03-02T22:26:13Z,,عبد الرحمن,الحوسني
R001125,2026-03-02T22:26:49Z,,Maryam,Al-Rashid
R001126,2026-03-02T22:27:02Z,,وفاء,الكتبي
R001127,2026-03-02T22:28:53Z,,Jennifer,Wellington
R001128,2026-03-02T22:29:16Z,,George,Jefferson
R001129,2026-03-02T22:29:18Z,Prof.,Amber,Weaver
R001130,2026-03-02T22:30:32Z,Eng.,Aisha,Al-Dosari
R001131,2026-03-02T22:30:39Z,,Cecilia,Whitmore
R001132,2026-03-02T22:30:44Z,Dr.,Marwan,Abu Khalil
R001133,2026-03-02T22:31:00Z,,Rebecca,Hoffmann
R001134,2026-03-02T22:31:55Z,السيد,مروان,الهاشمي
R001135,2026-03-02T22:32:25Z,,Nasser,Al-Mazrouei
R001136,2026-03-02T22:32:36Z,,ورد,الدباغ
R001137,2026-03-02T22:35:25Z,,MARGARET,KENSINGTON
R001138,2026-03-02T22:38:37Z,,فرح,أبو بكر
R001139,2026-03-02T22:39:18Z,,Hamza,Al-Balawi
R001140,2026-03-02T22:40:08Z,,Ahmed,Al-Najjar
R001141,2026-03-02T22:40:28Z,Dr.,Hunter,Snow
R001142,2026-03-02T22:43:26Z,,قاسم,المصري
R001143,2026-03-02T22:43:36Z,المهندس,إسماعيل,الراشد
R001144,2026-03-02T22:44:03Z,,Liberty,Bell
R001145,2026-03-02T22:44:21Z,,رانيا,البلوي
R001146,2026-03-02T22:48:02Z,Dr.,Eleanor,Northcott
R001147,2026-03-02T22:49:12Z,,إسماعيل,البلوي
R001148,2026-03-02T22:50:17Z,Mrs.,Brook,Lake
R001149,2026-03-02T22:51:11Z,,Rosalind,Jefferson
R001150,2026-03-02T22:52:40Z,,Hamza,Al-Subaie
R001151,2026-03-02T22:52:49Z,,Amal,Al-Sabah
R001152,2026-03-02T22:54:50Z,,عز,الكريم
R001153,2026-03-02T22:57:41Z,Eng.,Ibrahim,Al-Khatib
R001154,2026-03-02T22:58:38Z,Eng.,Rami,Al-Mazrouei
R001155,2026-03-02T23:02:48Z,,Sami,bin Zayed
R001156,2026-03-02T23:03:48Z,,عبد الله,نصر الله
R001157,2026-03-02T23:03:52Z,,Sage,Mason
R001158,2026-03-02T23:04:56Z,Prof.,Hope,Cross
R001159,2026-03-02T23:05:00Z,,Stephanie,Ziegler
R001160,2026-03-02T23:06:59Z,,Ismail,Al-Ali
R001161,2026-03-02T23:09:10Z,,Bassam,Al-Zahrani
R001162,2026-03-02T23:09:59Z,,Hamza,Al-Hashimi
R001163,2026-03-02T23:10:04Z,,Hala,Al-Sayed
R001164,2026-03-02T23:12:10Z,,Victoria,Richardson
R001165,2026-03-02T23:15:32Z,,ياسمين,أبو بكر
R001166,2026-03-02T23:15:55Z,Mr.,Saeed,Al-Marzooqi
R001167,2026-03-02T23:17:03Z,,Beatrice,Lockwood
R001168,2026-03-02T23:17:55Z,,Salem,bin Saeed
R001169,2026-03-02T23:18:31Z,Mrs.,Noura,Saab
R001170,2026-03-02T23:18:37Z,,Zainab,Al-Otaibi
R001171,2026-03-02T23:20:32Z,,Kareem,Fakhoury
R001172,2026-03-02T23:24:25Z,,Abeer,Fakhoury
R001173,2026-03-02T23:24:43Z,الشيخ,عبد الله,المصري
R001174,2026-03-02T23:25:59Z,,Marcus,Jefferson
R001175,2026-03-02T23:26:40Z,,Qasim,Al-Riyami
R001176,2026-03-02T23:27:07Z,,مسك,الشجاع
R001177,2026-03-02T23:29:10Z,,ABEER,AL-ZAHRANI
R001178,2026-03-02T23:31:04Z,الشيخ,ريحان,الصائغ
R001179,2026-03-02T23:31:05Z,Eng.,Gabrielle,Radcliffe
R001180,2026-03-02T23:31:27Z,Mrs.,Olivia,Fairbanks
R001181,2026-03-02T23:31:43Z,,Sebastian,Ellsworth
R001182,2026-03-02T23:32:35Z,Prof.,Mona,Al-Amri
R001183,2026-03-02T23:33:33Z,المهندس,ريحان,الدباغ
R001184,2026-03-02T23:34:43Z,Dr.,Amal,Al-Dosari
R001185,2026-03-02T23:35:34Z,,Thomas,Hawthorne
R001186,2026-03-02T23:37:12Z,المهندس,خالد,سليمان
R001187,2026-03-02T23:41:40Z,Sheikha,Layla,Al-Dosari
R001188,2026-03-02T23:41:55Z,,Elizabeth,Hawthorne
R001189,2026-03-02T23:42:12Z,,ELEANOR,WHITFIELD
R001190,2026-03-02T23:44:45Z,,Wafa,Al-Sayed
R001191,2026-03-02T23:47:25Z,,حسن,البلوشي
R001192,2026-03-02T23:49:53Z,,Henry,Wellington
R001193,2026-03-02T23:50:01Z,,Dalia,Haddad
R001194,2026-03-02T23:50:53Z,,كمال,الحربي
R001195,2026-03-02T23:52:59Z,,Charlotte,Iverson
R001196,2026-03-02T23:53:43Z,,Bassam,Al-Shehri
R001197,2026-03-02T23:55:12Z,,زهرة,الحكيم
R001198,2026-03-02T23:56:11Z,,Mohammed,Al-Halabi
R001199,2026-03-02T23:57:28Z,,مروان,العتيبي
R001200,2026-03-02T23:57:32Z,,Grace,Escobar
